Participante,Título del Resumen
"MSc Tomasa  María  Esther  Linares  Fernández","Invalidez laboral por Neoplasias malignas"
"Heliodora Díaz Padrón","Invalidez laboral por Neoplasias malignas"
"Yaritza Jova Linares","Invalidez laboral por Neoplasias malignas"
"Adriana Campos Tadeo","Invalidez laboral por Neoplasias malignas"
"Brian Arias Rodríguez","Invalidez laboral por Neoplasias malignas"
"MSc Tomasa  María  Esther  Linares  Fernández","Prevención  de las enfermedades crónicas no transmisibles y promoción en salud ocupacional"
"Ilén M. Núñez Casañas","Gestión de los desechos sólidos hospitalarios"
"Dr. C. Susana Solis Solis","Gestión de los desechos sólidos hospitalarios"
"Daimarelis Guerra del Valle","Gestión de los desechos sólidos hospitalarios"
"DrC. Yanet Ortega Dugrot","Gestión de los desechos sólidos hospitalarios"
"Hermes Fundora Hernandez","Desarrollo de una guía de estudio para el tema Virología en la asignatura Microbiología y Parasitología humanas en la Sede Universitaria Pochutla de la UBBJ 2026"
"Henoch García Petriz","Desarrollo de una guía de estudio para el tema Virología en la asignatura Microbiología y Parasitología humanas en la Sede Universitaria Pochutla de la UBBJ 2026"
"Miriam Katriuska Castro Ortega","Desarrollo de una guía de estudio para el tema Virología en la asignatura Microbiología y Parasitología humanas en la Sede Universitaria Pochutla de la UBBJ 2026"
"Raul Daniel Valdés Velázquez","Desarrollo de una guía de estudio para el tema Virología en la asignatura Microbiología y Parasitología humanas en la Sede Universitaria Pochutla de la UBBJ 2026"
"Hermes Fundora Hernandez","Desarrollo de guia para presentación de casos clínicos de Síndromes neurológicos en la asignatura Propedéutica clínica y Fisiopatología en la Sede Universitaria Pochutla, UBBJ 2026"
"Bárbaro Fraginal Saavedra","Desarrollo de guia para presentación de casos clínicos de Síndromes neurológicos en la asignatura Propedéutica clínica y Fisiopatología en la Sede Universitaria Pochutla, UBBJ 2026"
"Anahy Molinet Buides","Desarrollo de guia para presentación de casos clínicos de Síndromes neurológicos en la asignatura Propedéutica clínica y Fisiopatología en la Sede Universitaria Pochutla, UBBJ 2026"
"Ionmara Tadeo Oropesa","Desarrollo de guia para presentación de casos clínicos de Síndromes neurológicos en la asignatura Propedéutica clínica y Fisiopatología en la Sede Universitaria Pochutla, UBBJ 2026"
"Raúl Daniel Valdés Velázquez","Desarrollo de guia para presentación de casos clínicos de Síndromes neurológicos en la asignatura Propedéutica clínica y Fisiopatología en la Sede Universitaria Pochutla, UBBJ 2026"
"Ludmila Bauta Arnaud","El colegio universitario en salud pública"
"Lic. Osmara Tadeo Oropesa","Atención proactiva de enfermería en adolescentes"
"Lic. Yanicela Zapata González","Atención proactiva de enfermería en adolescentes"
"MSc. Yamilet de la Caridad Hernández López","Atención proactiva de enfermería en adolescentes"
"Lic. Niurka Hernández Hernández","Atención proactiva de enfermería en adolescentes"
"Lic Mayrim Carbonell Peña","Atención proactiva de enfermería en adolescentes"
"Lic. Yanicela Zapata González","Intervención de Enfermería para favorecer un envejecimiento salutogenico"
"MSc. Yamilet de la Caridad Hernández López","Intervención de Enfermería para favorecer un envejecimiento salutogenico"
"Lic. Niurka Hernández Hernández","Intervención de Enfermería para favorecer un envejecimiento salutogenico"
"Lic. Osmara Tadeo Oropesa","Intervención de Enfermería para favorecer un envejecimiento salutogenico"
"Dra Liliana Núñez Licea","Intervención de Enfermería para favorecer un envejecimiento salutogenico"
"Idia Isabel Araujo Verdecia","Estrategia para el mejoramiento del desempeño en el trabajo científico - metodológico"
"Antonia Zenaida Sánchez Proenza","Estrategia para el mejoramiento del desempeño en el trabajo científico - metodológico"
"DrC. Roberto Rodriguez Travieso","Estrategia para el mejoramiento del desempeño en el trabajo científico - metodológico"
"Dra. Yamel Quintana Falcón","DISPOSITIVOS SUPRAGLÓTICOS. IMPORTANCIA DE SU USO AL ABORDAR LA VIA AÉREA."
"Maria Camila Rodríguez Guerrero","DISPOSITIVOS SUPRAGLÓTICOS. IMPORTANCIA DE SU USO AL ABORDAR LA VIA AÉREA."
"Sergio Andrés Montoya Mora","DISPOSITIVOS SUPRAGLÓTICOS. IMPORTANCIA DE SU USO AL ABORDAR LA VIA AÉREA."
"Nabil Alhassan","DISPOSITIVOS SUPRAGLÓTICOS. IMPORTANCIA DE SU USO AL ABORDAR LA VIA AÉREA."
"Nelson Sánchez Recio","Factores pronósticos de muerte a 30 días por ictus hemorrágico en UCI. Hospital Julio Trigo López."
"Dra. Magalis Pallerols Mir","Efectividad del láser en el tratamiento de la estomatitis subprótesis en pacientes mayores de 19 años. Policlínico Managua, 2024-2025”."
"Dra. Maihanel Lorenzo Ramos","Efectividad del láser en el tratamiento de la estomatitis subprótesis en pacientes mayores de 19 años. Policlínico Managua, 2024-2025”."
"Dr. Yosbany Sebasco Figueredo","Efectividad del láser en el tratamiento de la estomatitis subprótesis en pacientes mayores de 19 años. Policlínico Managua, 2024-2025”."
"Dra. Magalis Pallerols Mir","Efectividad del láser para tratar la estomatitis subprótesis en pacientes mayores de 60 años. Policlínico “Fernando Álvarez”, 2024-2025."
"Dra. Maihanel Lorenzo Ramos","Efectividad del láser para tratar la estomatitis subprótesis en pacientes mayores de 60 años. Policlínico “Fernando Álvarez”, 2024-2025."
"Dr. Bryant Alex Videaux Carrillo","Efectividad del láser para tratar la estomatitis subprótesis en pacientes mayores de 60 años. Policlínico “Fernando Álvarez”, 2024-2025."
"Dra. Maihanel Lorenzo Ramos","Efectividad del láser para tratar la estomatitis subprótesis en menores de 60 años. Policlínico “Fernando Álvarez”, 2024-2025."
"Dra. Magalis Pallerols Mir","Efectividad del láser para tratar la estomatitis subprótesis en menores de 60 años. Policlínico “Fernando Álvarez”, 2024-2025."
"Dra. Adilen Santiesteban Acosta","Efectividad del láser para tratar la estomatitis subprótesis en menores de 60 años. Policlínico “Fernando Álvarez”, 2024-2025."
"Belkis Magdalena Martínez Martínez","Impacto del ictus en la supervivencia humana desde la perspectiva ecológica"
"Marta Calvo Diaz","Conocimientos, causas, prácticas y fármacos en la automedicación de   estudiantes de 5to año medicina"
"Ángel Francisco López Aguilera","Conocimientos, causas, prácticas y fármacos en la automedicación de   estudiantes de 5to año medicina"
"Ana Rosa Gil Vilanova","Conocimientos, causas, prácticas y fármacos en la automedicación de   estudiantes de 5to año medicina"
"Caridad Vega Rodríguez","Propuesta de intervención educativa sobre automedicación en estudiantes de Enfermería"
"Ángel Francisco López Aguilera","Propuesta de intervención educativa sobre automedicación en estudiantes de Enfermería"
"Marta Calvo Diaz","Propuesta de intervención educativa sobre automedicación en estudiantes de Enfermería"
"Gabriela Vento Diaz","Estrategia de superación intencionada para la educación de la autonomía del adulto mayor en la medicina familiar comunitaria."
"Maritza Díaz Molleda","Estrategia de superación intencionada para la educación de la autonomía del adulto mayor en la medicina familiar comunitaria."
"Ángel Francisco López Aguilera","Estrategia de superación intencionada para la educación de la autonomía del adulto mayor en la medicina familiar comunitaria."
"Dra. C. Isis Betancourt Torres","Interdisciplinariedad en la concepción del proceso pedagógico en la carrera de medicina"
"Lourdes B. Alpízar Caballero","Interdisciplinariedad en la concepción del proceso pedagógico en la carrera de medicina"
"Yaneysi Betancourt Vázquez","Interdisciplinariedad en la concepción del proceso pedagógico en la carrera de medicina"
"Niobis Munder Fuentes","Interdisciplinariedad en la concepción del proceso pedagógico en la carrera de medicina"
"Tania M. Pérez Valladares","Interdisciplinariedad en la concepción del proceso pedagógico en la carrera de medicina"
"Lic. Rosa Mayelín González Piedra.","Factores de riesgos laborales en la unidad de comercialización de  Combustibles, servicentro "La Granjita", 2026."
"Lic. Yoslaydis Manferrol Galán","Factores de riesgos laborales en la unidad de comercialización de  Combustibles, servicentro "La Granjita", 2026."
"Lic.  Griselda Reyes Ramírez","Factores de riesgos laborales en la unidad de comercialización de  Combustibles, servicentro "La Granjita", 2026."
"Lic. Iskra Marcos Armenteros","Caracterización clínica epidemiológica en lactantes con Sospecha de Dengue ingresados en Cuidados intensivos. Hospital Aballí, 2022"
"MSc. Yamilet de la Caridad Hernández López","Caracterización clínica epidemiológica en lactantes con Sospecha de Dengue ingresados en Cuidados intensivos. Hospital Aballí, 2022"
"Lic. Yeneisy San Martin Cuesta","Caracterización clínica epidemiológica en lactantes con Sospecha de Dengue ingresados en Cuidados intensivos. Hospital Aballí, 2022"
"MSc. Oscar Sánchez Castillo","Caracterización clínica epidemiológica en lactantes con Sospecha de Dengue ingresados en Cuidados intensivos. Hospital Aballí, 2022"
"MSc. Ana Rosa Zulueta Alejo","Caracterización clínica epidemiológica en lactantes con Sospecha de Dengue ingresados en Cuidados intensivos. Hospital Aballí, 2022"
"MSc Dr Carlos Juan Paradela Ferrera","APS y PAMI espacios estratégicos para mejorar la calidad de la docencia medica"
"MSc Dra Iliana Molina Nápoles","APS y PAMI espacios estratégicos para mejorar la calidad de la docencia medica"
"Leandra Magaly Garcia Polo","APS y PAMI espacios estratégicos para mejorar la calidad de la docencia medica"
"Dra C Zenaida Sánchez","APS y PAMI espacios estratégicos para mejorar la calidad de la docencia medica"
"MSc Dra Annia Robaina","APS y PAMI espacios estratégicos para mejorar la calidad de la docencia medica"
"Andrés Armando Morilla Guzmán","Recién nacido con síndrome de abstinencia neonatal en hijos de madres consumidoras de sustancias psicoactivas"
"MSc. Vilma Tamayo Pérez","Recién nacido con síndrome de abstinencia neonatal en hijos de madres consumidoras de sustancias psicoactivas"
"Lyanet  Rosabal Vior (1)","Recién nacido con síndrome de abstinencia neonatal en hijos de madres consumidoras de sustancias psicoactivas"
"Marlys Santana Noda (1)","Recién nacido con síndrome de abstinencia neonatal en hijos de madres consumidoras de sustancias psicoactivas"
"Angelicia Crespo Campos (1)","Recién nacido con síndrome de abstinencia neonatal en hijos de madres consumidoras de sustancias psicoactivas"
"MSc. Vilma Tamayo Pérez","Evaluación de la calidad de la consulta de puericultura. La Habana, 2026-2027."
"DraC.  Mercedes  Esquivel Lauzurique","Evaluación de la calidad de la consulta de puericultura. La Habana, 2026-2027."
"MsC. Maida Rancel Hernández","Evaluación de la calidad de la consulta de puericultura. La Habana, 2026-2027."
"Andrés Armando Morilla Guzmán","Evaluación de la calidad de la consulta de puericultura. La Habana, 2026-2027."
"Yaritza Jova Linares","Evaluación de la calidad de la consulta de puericultura. La Habana, 2026-2027."
"DrC Lic. Leister Acosta Queralta","Estrategia educativa para el desarrollo de habilidades en la prevención del uso de drogas en adolescentes y jóvenes."
"MsC Dra.Tamara Vilches Juanes","Estrategia educativa para el desarrollo de habilidades en la prevención del uso de drogas en adolescentes y jóvenes."
"Iliana Molina Nápoles","Estrategia educativa para el desarrollo de habilidades en la prevención del uso de drogas en adolescentes y jóvenes."
"Barbara Rodríguez","Estrategia educativa para el desarrollo de habilidades en la prevención del uso de drogas en adolescentes y jóvenes."
"Maidelys Fernández Bringas","Estrategia educativa para el desarrollo de habilidades en la prevención del uso de drogas en adolescentes y jóvenes."
"María Antonia Rodríguez Hernández","Validación de la dimensión Formación Académica en un modelo para mejorar el desempeño científico metodológico e investigativo docente odelo"
"Ania Estrada Velázquez","Validación de la dimensión Formación Académica en un modelo para mejorar el desempeño científico metodológico e investigativo docente odelo"
"DrC. Roberto Rodriguez Travieso","Validación de la dimensión Formación Académica en un modelo para mejorar el desempeño científico metodológico e investigativo docente odelo"
"Dr Abel Soubal Ferrer","Predictores de mortalidad en infarto agudo del miocardio en el Hospital “Julio Trigo López""
"Dra Isabel Masso Capó","Predictores de mortalidad en infarto agudo del miocardio en el Hospital “Julio Trigo López""
"Dra Maryuris Alejandro Grana","Predictores de mortalidad en infarto agudo del miocardio en el Hospital “Julio Trigo López""
"René Arenas Gutiérrez","Software educativo : charlas educativas de pediatría"
"Laura Lliteras Achang","Software educativo : charlas educativas de pediatría"
"Lizt Aurora Guzmán López","Software educativo : charlas educativas de pediatría"
"Maura Perdomo Ortiz","Software educativo : charlas educativas de pediatría"
"Dra Zoraida Gutierrez Reyes","Software educativo : charlas educativas de pediatría"
"MSc Aymara Mesa Cañizares","Programa Educativo en factores  de  riesgo  laboral  para  trabajadores  del  Área de  salud  Julián  Grimau"
"MSc María de los Ángeles Rodríguez Martínez","Programa Educativo en factores  de  riesgo  laboral  para  trabajadores  del  Área de  salud  Julián  Grimau"
"Dr.Luis Enrique Calzada Matos","Programa Educativo en factores  de  riesgo  laboral  para  trabajadores  del  Área de  salud  Julián  Grimau"
"Lic.Yaniury Milian Leal","Programa Educativo en factores  de  riesgo  laboral  para  trabajadores  del  Área de  salud  Julián  Grimau"
"María Antonia Rodríguez Hernández","Orientación profesional para el desempeño investigativo de los futuros médicos"
"MSc María Elena Estévez Trabanco","Curso para la atención de enfermería al paciente quirúrgico en la atención secundaria."
"MSc Dayami Ribalta Naranjo","Curso para la atención de enfermería al paciente quirúrgico en la atención secundaria."
"Dr Félix Rivero Llerena","Curso para la atención de enfermería al paciente quirúrgico en la atención secundaria."
"Verónica Ramos Suárez","El cuestionario como elemento dinamizador del conocimiento en el aula virtual"
"Verónica Ramos Suárez","La seguridad de la información científica en los entornos virtuales"
"Verónica Ramos Suárez","Perspectiva de los procederes tecnológicos de IRF"
"Ana Mirtha Aguirre Isaac","Perspectiva de los procederes tecnológicos de IRF"
"Antonio Ernesto Pérez Mérida","Perspectiva de los procederes tecnológicos de IRF"
"Rolando Wilson Calderin","Perspectiva de los procederes tecnológicos de IRF"
"MsC Dra Omaida F Torres Herrera","Relación entre forunculosis recurrente por Staphylococcus aureus,  hiperuricemia y resistencia a la insulina."
"Dra C . Gilda Monteagudo Peña","Relación entre forunculosis recurrente por Staphylococcus aureus,  hiperuricemia y resistencia a la insulina."
"Dr C Amilcar Duquesne Alderete","Relación entre forunculosis recurrente por Staphylococcus aureus,  hiperuricemia y resistencia a la insulina."
"Daimarelis Guerra del Valle","Impacto ambiental y bioseguridad frente al cambio climático"
"DrC. Yanet Ortega Dugrot","Impacto ambiental y bioseguridad frente al cambio climático"
"Dr. C. Susana Solis Solis","Impacto ambiental y bioseguridad frente al cambio climático"
"MSc Dra.Tamara Vilches Juanes","Uso de actividades en Moodle como apoyo a la docencia de la Farmacología General."
"DrC Lic. Leister Acosta Queralta","Uso de actividades en Moodle como apoyo a la docencia de la Farmacología General."
"Dra Jennys García Somoza","Evaluación de competencias en ventilación e intubación endotraqueal mediante simuladores de alta fidelidad"
"Dra Tania Amores Agulla","Evaluación de competencias en ventilación e intubación endotraqueal mediante simuladores de alta fidelidad"
"Lic Idorkis Méndez Espinosa","Factores de riesgo asociados al cáncer de mama en mujeres atendidas en el Hospital General Docente “Enrique Cabrera”"
"Lourdes Bravo Mengana","Factores de riesgo asociados al cáncer de mama en mujeres atendidas en el Hospital General Docente “Enrique Cabrera”"
"MSc. Ana Rosa Zulueta Alejo","Factores de riesgo asociados al cáncer de mama en mujeres atendidas en el Hospital General Docente “Enrique Cabrera”"
"Lic Mayrim Carbonell Peña","Factores de riesgo asociados al cáncer de mama en mujeres atendidas en el Hospital General Docente “Enrique Cabrera”"
"MSc. Yamilet de la Caridad Hernández López","Modo de actuación profesional de los estudiantes de enfermería desde las prácticas en los servicios"
"Lic. Iskra Marcos Armenteros","Modo de actuación profesional de los estudiantes de enfermería desde las prácticas en los servicios"
"MSc. Ana Rosa Zulueta Alejo","Modo de actuación profesional de los estudiantes de enfermería desde las prácticas en los servicios"
"DrC. Yanet Ortega Dugrot","Modo de actuación profesional de los estudiantes de enfermería desde las prácticas en los servicios"
"Lic Yanicela Zapata González","Modo de actuación profesional de los estudiantes de enfermería desde las prácticas en los servicios"
"Caridad Vega Rodríguez","Modo de actuación profesional de los estudiantes de enfermería desde las prácticas en los servicios"
"Lic. Osmara Tadeo Oropesa","Modo de actuación profesional de los estudiantes de enfermería desde las prácticas en los servicios"
"Lic. Yeneisy San Martín Cuesta","Modo de actuación profesional de los estudiantes de enfermería desde las prácticas en los servicios"
"Lourdes Bravo Mengana","Función sexual, intensidad del síndrome climatérico y síntomas poscovid, en enfermeras afectadas de COVID – 19"
"Lic Idorkis Méndez Espinosa","Función sexual, intensidad del síndrome climatérico y síntomas poscovid, en enfermeras afectadas de COVID – 19"
"MSc. Ana Rosa Zulueta Alejo","Función sexual, intensidad del síndrome climatérico y síntomas poscovid, en enfermeras afectadas de COVID – 19"
"Lic Mayrim Carbonell Peña","Función sexual, intensidad del síndrome climatérico y síntomas poscovid, en enfermeras afectadas de COVID – 19"
"Leandro Antonio Cuesta Mazorra","Salvamento del miembro inferior en paciente politraumatizado"
"Ana María Sánchez Santiesteban","Salvamento del miembro inferior en paciente politraumatizado"
"Cristofer Lázaro Rodriguez Mackhaser","Salvamento del miembro inferior en paciente politraumatizado"
"Leandro Antonio Cuesta Mazorra","Ruptura bilateral del tendón del cuádriceps femoral en paciente con enfermedad renal crónica"
"Ana María Sánchez Santiesteban","Ruptura bilateral del tendón del cuádriceps femoral en paciente con enfermedad renal crónica"
"Jordan Jorge Zayas Dros","Ruptura bilateral del tendón del cuádriceps femoral en paciente con enfermedad renal crónica"
"Daniel Aaron Herrera Lalumera","Ruptura bilateral del tendón del cuádriceps femoral en paciente con enfermedad renal crónica"
"Ania Estrada Velázquez","Estrategia interventiva para el fortalecimiento de la formación académica"
"María Antonia Rodríguez Hernández","Estrategia interventiva para el fortalecimiento de la formación académica"
"DrC. Roberto Rodriguez Travieso","Estrategia interventiva para el fortalecimiento de la formación académica"
"Dania Isabel Brito Menéndez","Estrategia interventiva para el fortalecimiento de la producción científica"
"Violeta González González","Estrategia interventiva para el fortalecimiento de la producción científica"
"DrC. Roberto Rodriguez Travieso","Estrategia interventiva para el fortalecimiento de la producción científica"
"Angélica Gálvez del Toro","Ergonomía en cirugía mínimamente invasiva ginecológica: experiencia del CNCMA."
"Frank Abel Acosta González","Ergonomía en cirugía mínimamente invasiva ginecológica: experiencia del CNCMA."
"Daimarelis Guerra del Valle","Ergonomía en cirugía mínimamente invasiva ginecológica: experiencia del CNCMA."
"Yoymí Claro, Mario López","Integración gradual de tecnologías emergentes en la enseñanza de la Bioquímica Médica en contextos con recursos limitados"
"MSc. René Mena Mugica","Evaluación de metodologías y programas para el cambio de comportamiento en salud en el municipio Arroyo Naranjo."
"Ana Ivis Estrada Casteleiro","Evaluación de metodologías y programas para el cambio de comportamiento en salud en el municipio Arroyo Naranjo."
"Maritza Díaz Molleda","Evaluación de metodologías y programas para el cambio de comportamiento en salud en el municipio Arroyo Naranjo."
"Yaritza Jova Linares","Evaluación de metodologías y programas para el cambio de comportamiento en salud en el municipio Arroyo Naranjo."
"Elisa María Puentes Rizo","Evaluación de metodologías y programas para el cambio de comportamiento en salud en el municipio Arroyo Naranjo."
"MSc Dra Iliana Molina Nápoles","DESCENTRALIZACIÓN DE LA DOCENCIA EN LAS CARRERAS DE CIENCIAS MÉDICAS. FACULTAD JULIO TRIGO LÓPEZ 2026"
"Yaritza Jova Linares","DESCENTRALIZACIÓN DE LA DOCENCIA EN LAS CARRERAS DE CIENCIAS MÉDICAS. FACULTAD JULIO TRIGO LÓPEZ 2026"
"Leandra Magaly Garcia Polo","DESCENTRALIZACIÓN DE LA DOCENCIA EN LAS CARRERAS DE CIENCIAS MÉDICAS. FACULTAD JULIO TRIGO LÓPEZ 2026"
"MSc Dr Carlos Juan Paradela Ferrera","DESCENTRALIZACIÓN DE LA DOCENCIA EN LAS CARRERAS DE CIENCIAS MÉDICAS. FACULTAD JULIO TRIGO LÓPEZ 2026"
"Regla C. Stuart Rodríguez","DESCENTRALIZACIÓN DE LA DOCENCIA EN LAS CARRERAS DE CIENCIAS MÉDICAS. FACULTAD JULIO TRIGO LÓPEZ 2026"
"Katia C. García Hernández","DINAMICAS DE TALLERES SOBRE PREVENCIÓN DE LA CIBERVIOLENCIA EN PAREJAS JÓVENES EN LA FCM JULIO TRIGO LÓPEZ"
"Laura Lliteras Achang","DINAMICAS DE TALLERES SOBRE PREVENCIÓN DE LA CIBERVIOLENCIA EN PAREJAS JÓVENES EN LA FCM JULIO TRIGO LÓPEZ"
"Ana Belkis Perdomo Cáceres","DINAMICAS DE TALLERES SOBRE PREVENCIÓN DE LA CIBERVIOLENCIA EN PAREJAS JÓVENES EN LA FCM JULIO TRIGO LÓPEZ"
"Nelcy Martínez Trujillo,","DINAMICAS DE TALLERES SOBRE PREVENCIÓN DE LA CIBERVIOLENCIA EN PAREJAS JÓVENES EN LA FCM JULIO TRIGO LÓPEZ"
"Dashely Martínez Asanza,","DINAMICAS DE TALLERES SOBRE PREVENCIÓN DE LA CIBERVIOLENCIA EN PAREJAS JÓVENES EN LA FCM JULIO TRIGO LÓPEZ"
"Katia C. García Hernández","DINAMICAS DE TALLERES SOBRE PREVENCIÓN DE LA CIBERVIOLENCIA EN PAREJAS JÓVENES EN LA FCM JULIO TRIGO LÓPEZ"
"Caridad Vega Rodríguez","DINAMICAS DE TALLERES SOBRE PREVENCIÓN DE LA CIBERVIOLENCIA EN PAREJAS JÓVENES EN LA FCM JULIO TRIGO LÓPEZ"
"Lic. Niurka Hernández Hernández","DINAMICAS DE TALLERES SOBRE PREVENCIÓN DE LA CIBERVIOLENCIA EN PAREJAS JÓVENES EN LA FCM JULIO TRIGO LÓPEZ"
"Yamile Hernandez López","DINAMICAS DE TALLERES SOBRE PREVENCIÓN DE LA CIBERVIOLENCIA EN PAREJAS JÓVENES EN LA FCM JULIO TRIGO LÓPEZ"
"Lic. Iskra Marcos Armenteros","DINAMICAS DE TALLERES SOBRE PREVENCIÓN DE LA CIBERVIOLENCIA EN PAREJAS JÓVENES EN LA FCM JULIO TRIGO LÓPEZ"
"Katia C. García Hernández","DINAMICAS DE TALLERES SOBRE PREVENCIÓN DE LA CIBERVIOLENCIA EN PAREJAS JÓVENES EN LA FCM JULIO TRIGO LÓPEZ"
"René Arenas Gutiérrez","DINAMICAS DE TALLERES SOBRE PREVENCIÓN DE LA CIBERVIOLENCIA EN PAREJAS JÓVENES EN LA FCM JULIO TRIGO LÓPEZ"
"Ricardo Fernández Rodríguez","DINAMICAS DE TALLERES SOBRE PREVENCIÓN DE LA CIBERVIOLENCIA EN PAREJAS JÓVENES EN LA FCM JULIO TRIGO LÓPEZ"
"MsC. Maida Rancel Hernández","DINAMICAS DE TALLERES SOBRE PREVENCIÓN DE LA CIBERVIOLENCIA EN PAREJAS JÓVENES EN LA FCM JULIO TRIGO LÓPEZ"
"Yaritza Jova Linares","DINAMICAS DE TALLERES SOBRE PREVENCIÓN DE LA CIBERVIOLENCIA EN PAREJAS JÓVENES EN LA FCM JULIO TRIGO LÓPEZ"
"Katia C. García Hernández","SOFTWARE LIBRE DE LAS HIPERMEDIAS: DEL SISTEMA RESPIRATORIO Y ENTRENADOR DE ELECTROCARDIOGRAMA"
"Maura Perdomo Ortiz","SOFTWARE LIBRE DE LAS HIPERMEDIAS: DEL SISTEMA RESPIRATORIO Y ENTRENADOR DE ELECTROCARDIOGRAMA"
"Lizt Aurora Guzmán López","SOFTWARE LIBRE DE LAS HIPERMEDIAS: DEL SISTEMA RESPIRATORIO Y ENTRENADOR DE ELECTROCARDIOGRAMA"
"Anabel González Tadeo","SOFTWARE LIBRE DE LAS HIPERMEDIAS: DEL SISTEMA RESPIRATORIO Y ENTRENADOR DE ELECTROCARDIOGRAMA"
"Harold Jesús Lazaga Zulueta","SOFTWARE LIBRE DE LAS HIPERMEDIAS: DEL SISTEMA RESPIRATORIO Y ENTRENADOR DE ELECTROCARDIOGRAMA"
"Katia C. García Hernández","SOFTWARE LIBRE DE LAS HIPERMEDIAS: DEL SISTEMA RESPIRATORIO Y ENTRENADOR DE ELECTROCARDIOGRAMA"
"René Arenas Gutiérrez","SOFTWARE LIBRE DE LAS HIPERMEDIAS: DEL SISTEMA RESPIRATORIO Y ENTRENADOR DE ELECTROCARDIOGRAMA"
"Ricardo Fernández Rodríguez","SOFTWARE LIBRE DE LAS HIPERMEDIAS: DEL SISTEMA RESPIRATORIO Y ENTRENADOR DE ELECTROCARDIOGRAMA"
"Dr. C. Sonia Rabelo Padua","SOFTWARE LIBRE DE LAS HIPERMEDIAS: DEL SISTEMA RESPIRATORIO Y ENTRENADOR DE ELECTROCARDIOGRAMA"
"Laura Lliteras Achang","SOFTWARE LIBRE DE LAS HIPERMEDIAS: DEL SISTEMA RESPIRATORIO Y ENTRENADOR DE ELECTROCARDIOGRAMA"
"Katia C. García Hernández","HERRAMIENTA TECNOLÓGICA PARA EL CURSO POR ENCUENTRO EN LICENCIATURA EN ENFERMERÍA"
"Ana Iris Testa González","HERRAMIENTA TECNOLÓGICA PARA EL CURSO POR ENCUENTRO EN LICENCIATURA EN ENFERMERÍA"
"Monica de Regla Rodríguez Espinosa","HERRAMIENTA TECNOLÓGICA PARA EL CURSO POR ENCUENTRO EN LICENCIATURA EN ENFERMERÍA"
"Laura Lliteras Achang","HERRAMIENTA TECNOLÓGICA PARA EL CURSO POR ENCUENTRO EN LICENCIATURA EN ENFERMERÍA"
"Maura Perdomo Ortiz","HERRAMIENTA TECNOLÓGICA PARA EL CURSO POR ENCUENTRO EN LICENCIATURA EN ENFERMERÍA"
"Katia C. García Hernández","HERRAMIENTA TECNOLÓGICA PARA EL CURSO POR ENCUENTRO EN LICENCIATURA EN ENFERMERÍA"
"René Arenas Gutiérrez","HERRAMIENTA TECNOLÓGICA PARA EL CURSO POR ENCUENTRO EN LICENCIATURA EN ENFERMERÍA"
"Ricardo Fernández Rodríguez","HERRAMIENTA TECNOLÓGICA PARA EL CURSO POR ENCUENTRO EN LICENCIATURA EN ENFERMERÍA"
"Yaritza Jova Linares","HERRAMIENTA TECNOLÓGICA PARA EL CURSO POR ENCUENTRO EN LICENCIATURA EN ENFERMERÍA"
"DrC Tamara Ivet Espinosa Hernández","HERRAMIENTA TECNOLÓGICA PARA EL CURSO POR ENCUENTRO EN LICENCIATURA EN ENFERMERÍA"
"Arianna Herrera Zuaznabar","Estrategias de Actividad Física Programada: Un Factor Protector frente al Síndrome de Burnout en Estudiantes de Ciencias Médicas."
"Esther Maria Nash Martinez","Estrategias de Actividad Física Programada: Un Factor Protector frente al Síndrome de Burnout en Estudiantes de Ciencias Médicas."
"José Manuel Cepero Barriso","Íleo biliar. Presentación de un caso"
"Luis Enrique Andrade Rojas","Íleo biliar. Presentación de un caso"
"Germán Brito Sosa","Íleo biliar. Presentación de un caso"
"DraC.  Mercedes  Esquivel Lauzurique","Estudio Nacional de Cohorte del Niño Cubano: resultados preliminares de las relaciones entre el peso al nacer y la presión arterial en la salud adulta"
"MSc. Vilma Tamayo Pérez","Estudio Nacional de Cohorte del Niño Cubano: resultados preliminares de las relaciones entre el peso al nacer y la presión arterial en la salud adulta"
"MsC. Maida Rancel Hernández","Estudio Nacional de Cohorte del Niño Cubano: resultados preliminares de las relaciones entre el peso al nacer y la presión arterial en la salud adulta"
"Emilio Buchaca Faxas","Estudio Nacional de Cohorte del Niño Cubano: resultados preliminares de las relaciones entre el peso al nacer y la presión arterial en la salud adulta"
"Lays Rodríguez Amador","Estudio Nacional de Cohorte del Niño Cubano: resultados preliminares de las relaciones entre el peso al nacer y la presión arterial en la salud adulta"
"DraC.  Mercedes  Esquivel Lauzurique","Grupo DOHaD Cuba: una contribución desde las sociedades científicas al perfeccionamiento del Sistema Nacional de Salud"
"Berta Lidia Castro Pacheco","Grupo DOHaD Cuba: una contribución desde las sociedades científicas al perfeccionamiento del Sistema Nacional de Salud"
"Emilio Buchaca Faxas","Grupo DOHaD Cuba: una contribución desde las sociedades científicas al perfeccionamiento del Sistema Nacional de Salud"
"Lic. Niurka de las Mercedes Sautié Marín","La utilización del Aula Virtual por los estudiantes del Colegio Universitario de la FCM “Julio Trigo López”"
"MSc. Yataria Abreu Vázquez","La utilización del Aula Virtual por los estudiantes del Colegio Universitario de la FCM “Julio Trigo López”"
"Dr. C. Sonia Rabelo Padua","La utilización del Aula Virtual por los estudiantes del Colegio Universitario de la FCM “Julio Trigo López”"
"Mayda Hernández Pérez","EL CLASISMO DE LA SEGURIDAD NACIONAL"
"Elsa Agüero Argilago","EL CLASISMO DE LA SEGURIDAD NACIONAL"
"Ana María Solanelles","EL CLASISMO DE LA SEGURIDAD NACIONAL"
"Eloy Hermida Hidalgo","EL CLASISMO DE LA SEGURIDAD NACIONAL"
"Lizt Aurora Guzmán López","EL CLASISMO DE LA SEGURIDAD NACIONAL"
"Mayda Hernández Pérez","PROTECCIÓN MÉDICA CONTRA LAS ARMAS DE EXTERMINIO EN MASA, UNA ACTUALIZACIÓN"
"Elsa Agüero Argilago","PROTECCIÓN MÉDICA CONTRA LAS ARMAS DE EXTERMINIO EN MASA, UNA ACTUALIZACIÓN"
"Ana María Solanelles","PROTECCIÓN MÉDICA CONTRA LAS ARMAS DE EXTERMINIO EN MASA, UNA ACTUALIZACIÓN"
"Sulami Fleites Rivero","PROTECCIÓN MÉDICA CONTRA LAS ARMAS DE EXTERMINIO EN MASA, UNA ACTUALIZACIÓN"
"Eloy Hermida Hidalgo","PROTECCIÓN MÉDICA CONTRA LAS ARMAS DE EXTERMINIO EN MASA, UNA ACTUALIZACIÓN"
"Elsa Agüero Argilago","GESTIÓN PARA LA REDUCCIÓN DEL RIESGO DE DESASTRES POR PELIGROS HIDROMETEOROLÓGICOS"
"Mayda Hernández Pérez","GESTIÓN PARA LA REDUCCIÓN DEL RIESGO DE DESASTRES POR PELIGROS HIDROMETEOROLÓGICOS"
"Ana María Solanelles","GESTIÓN PARA LA REDUCCIÓN DEL RIESGO DE DESASTRES POR PELIGROS HIDROMETEOROLÓGICOS"
"Eloy Hermida Hidalgo","GESTIÓN PARA LA REDUCCIÓN DEL RIESGO DE DESASTRES POR PELIGROS HIDROMETEOROLÓGICOS"
"Maura Perdomo Ortiz","GESTIÓN PARA LA REDUCCIÓN DEL RIESGO DE DESASTRES POR PELIGROS HIDROMETEOROLÓGICOS"
"Mayda Hernández Pérez","LA RESILIENCIA MÉDICA CUBANA: UN LEGADO DE INTRANSIGENCIA"
"Ana María Solanelles","LA RESILIENCIA MÉDICA CUBANA: UN LEGADO DE INTRANSIGENCIA"
"Eloy Hermida Hidalgo","LA RESILIENCIA MÉDICA CUBANA: UN LEGADO DE INTRANSIGENCIA"
"Laura Lliteras Achang","LA RESILIENCIA MÉDICA CUBANA: UN LEGADO DE INTRANSIGENCIA"
"Ana María Solanelles","VISIONES PARALELAS. PENSAMIENTO ANTIIMPERIALISTA DE JOSÉ MARTÍ Y FIDEL CASTRO"
"Karla Daily Fernández López","VISIONES PARALELAS. PENSAMIENTO ANTIIMPERIALISTA DE JOSÉ MARTÍ Y FIDEL CASTRO"
"Eloy Hermida Hidalgo","VISIONES PARALELAS. PENSAMIENTO ANTIIMPERIALISTA DE JOSÉ MARTÍ Y FIDEL CASTRO"
"Sulami Fleites Rivero","VISIONES PARALELAS. PENSAMIENTO ANTIIMPERIALISTA DE JOSÉ MARTÍ Y FIDEL CASTRO"
"Mayda Hernández Pérez","VISIONES PARALELAS. PENSAMIENTO ANTIIMPERIALISTA DE JOSÉ MARTÍ Y FIDEL CASTRO"
"DraC.  Mercedes  Esquivel Lauzurique","Grupo DOHaD Cuba: una contribución desde las sociedades científicas al perfeccionamiento del Sistema Nacional de Salud"
"DraC.  Mercedes  Esquivel Lauzurique","Estudio Nacional de Cohorte del Niño Cubano: resultados preliminares de las relaciones entre el peso al nacer y la presión arterial en la salud adulta."
"MSc. Vilma Tamayo Pérez","Estudio Nacional de Cohorte del Niño Cubano: resultados preliminares de las relaciones entre el peso al nacer y la presión arterial en la salud adulta."
"MsC. Maida Rancel Hernández","Estudio Nacional de Cohorte del Niño Cubano: resultados preliminares de las relaciones entre el peso al nacer y la presión arterial en la salud adulta."
"DrC Tamara Ivet Espinosa Hernández","Uso de los medios digitales para el desarrollo del proceso enseñanza aprendizaje en la disciplina de investigaciones diagnósticas"
"Monica de Regla Rodríguez Espinosa","Uso de los medios digitales para el desarrollo del proceso enseñanza aprendizaje en la disciplina de investigaciones diagnósticas"
"Jordan Jorge Zayas Dros","Uso de los medios digitales para el desarrollo del proceso enseñanza aprendizaje en la disciplina de investigaciones diagnósticas"
"Ana Iris Testa González","REFERENTES TEÓRICOS QUE SUSTENTAN EL USO DE LOS EVEAs COMO ALTERNATIVA METODOLÓGICA PARA DESARROLLAR LA COMPRENSIÓN AUDITIVA."
"Ana Margarita Fuertes Elizarde","REFERENTES TEÓRICOS QUE SUSTENTAN EL USO DE LOS EVEAs COMO ALTERNATIVA METODOLÓGICA PARA DESARROLLAR LA COMPRENSIÓN AUDITIVA."
"Marelys Beatriz Estupiñan Alavrez","REFERENTES TEÓRICOS QUE SUSTENTAN EL USO DE LOS EVEAs COMO ALTERNATIVA METODOLÓGICA PARA DESARROLLAR LA COMPRENSIÓN AUDITIVA."
"Amparo Matos Reyes","REFERENTES TEÓRICOS QUE SUSTENTAN EL USO DE LOS EVEAs COMO ALTERNATIVA METODOLÓGICA PARA DESARROLLAR LA COMPRENSIÓN AUDITIVA."
"Eldris Rivero Bazán","REFERENTES TEÓRICOS QUE SUSTENTAN EL USO DE LOS EVEAs COMO ALTERNATIVA METODOLÓGICA PARA DESARROLLAR LA COMPRENSIÓN AUDITIVA."
"Lic. Niurka Hernández Hernández","Comportamiento de las lesiones no intencionales en niños de 1-4 años"
"Lic. Niurka Hernández Hernández","Actuación de enfermería en poblaciones vulnerables"
"Yaité Hernández Amaro","Actuación de enfermería en poblaciones vulnerables"
"MSc María Elena Estévez Trabanco","Actuación de enfermería en poblaciones vulnerables"
"Caridad Vega Rodríguez","Actuación de enfermería en poblaciones vulnerables"
"MSc Dayami Ribalta Naranjo","Actuación de enfermería en poblaciones vulnerables"
"Dr. C. Juan Fundora Lliteras","Vygotsky y la Inteligencia Artificial: el docente como creador de herramientas mediadoras."
"Dra. C. Isis Betancourt Torres","Vygotsky y la Inteligencia Artificial: el docente como creador de herramientas mediadoras."
"MSc. René Mena Mugica","Vygotsky y la Inteligencia Artificial: el docente como creador de herramientas mediadoras."
"Abdul-Rashid Dasana Abdulai","Vygotsky y la Inteligencia Artificial: el docente como creador de herramientas mediadoras."
"MSc. Yoimy Claro Abreu","Vygotsky y la Inteligencia Artificial: el docente como creador de herramientas mediadoras."
"Armando David Martínez Rotella","Los Servicios Científico-tecnológicos un aporte a la Salud y la Seguridad de los trabajadores."
"Mc.S Dra. Lilian Valdivia García","Ayuno preoperatorio prolongado estudio fenomenológico con pacientes adultos programados para cirugía electiva."
"MsC. Maida Rancel Hernández","Prevalencia de síntomas de ansiedad según variables  sociodemográficas en adultos habaneros."
"DraC.  Mercedes  Esquivel Lauzurique","Prevalencia de síntomas de ansiedad según variables  sociodemográficas en adultos habaneros."
"MSc. Vilma Tamayo Pérez","Prevalencia de síntomas de ansiedad según variables  sociodemográficas en adultos habaneros."
"Lic. Rosmery Sánchez Meralla","Prevalencia de síntomas de ansiedad según variables  sociodemográficas en adultos habaneros."
"Dra. Yeneir Vera Fernández","Prevalencia de síntomas de ansiedad según variables  sociodemográficas en adultos habaneros."
"Hermes Fundora Hernandez","Evaluación sonografica del timo en sujetos aparentemente sanos de 7 a 14 años y de 18 a 22 años de edad."
"Katia Rodríguez Gutierrez","Evaluación sonografica del timo en sujetos aparentemente sanos de 7 a 14 años y de 18 a 22 años de edad."
"Regla C. Stuart Rodríguez","Evaluación sonografica del timo en sujetos aparentemente sanos de 7 a 14 años y de 18 a 22 años de edad."
"Yuliet Rodríguez Hernandez","Evaluación sonografica del timo en sujetos aparentemente sanos de 7 a 14 años y de 18 a 22 años de edad."
"Hermidia Ricardo Pereira","Evaluación sonografica del timo en sujetos aparentemente sanos de 7 a 14 años y de 18 a 22 años de edad."
"DrC. Roberto Rodriguez Travieso","Sistema de superación profesional para el mejoramiento del desempeño investigativo de docentes de ciencias médicas"
"Bárbara Lázara Hernández González","Sistema de superación profesional para el mejoramiento del desempeño investigativo de docentes de ciencias médicas"
"Sulami Fleites Rivero","Sistema de superación profesional para el mejoramiento del desempeño investigativo de docentes de ciencias médicas"
"MSc. Yataria Abreu Vázquez","Sistema de superación profesional para el mejoramiento del desempeño investigativo de docentes de ciencias médicas"
"José Manuel Cepero Barriso","Información inicial sobre el proyecto de investigación: “Estrategia de superación desde el uso del aula virtual”"
"René Arenas Gutiérrez","Información inicial sobre el proyecto de investigación: “Estrategia de superación desde el uso del aula virtual”"
"René Arenas Gutiérrez","Información inicial sobre el proyecto de investigación: “Estrategia de superación desde el uso del aula virtual”"
"María Magaly González Díaz","Información inicial sobre el proyecto de investigación: “Estrategia de superación desde el uso del aula virtual”"
"Marilyn Fleitas Amaro",""MÁS ALLÁ DE LA BIOLOGÍA: CÓMO LA ESTRUCTURA DE CLASES DETERMINA EL PROCESO SALUD-ENFERMEDAD""
"Anahy Molinet Buides",""MÁS ALLÁ DE LA BIOLOGÍA: CÓMO LA ESTRUCTURA DE CLASES DETERMINA EL PROCESO SALUD-ENFERMEDAD""
"Bárbara Lázara Hernández González","Evaluación de impacto de herramienta metodológica de ayuda a la confección de programas de superación profesional, en el desempeño docente de los profesores. Facultad “Julio Trigo”, 2020-2025."
"Violeta González González","Evaluación de impacto de herramienta metodológica de ayuda a la confección de programas de superación profesional, en el desempeño docente de los profesores. Facultad “Julio Trigo”, 2020-2025."
"Dania Isabel Brito Menéndez","Evaluación de impacto de herramienta metodológica de ayuda a la confección de programas de superación profesional, en el desempeño docente de los profesores. Facultad “Julio Trigo”, 2020-2025."
"Kely Rivero Dominguez","Evaluación de impacto de herramienta metodológica de ayuda a la confección de programas de superación profesional, en el desempeño docente de los profesores. Facultad “Julio Trigo”, 2020-2025."
"Miriam Katriuska Castro Ortega","Evaluación de impacto de herramienta metodológica de ayuda a la confección de programas de superación profesional, en el desempeño docente de los profesores. Facultad “Julio Trigo”, 2020-2025."
"Dr. C. Juan Fundora Lliteras","Estrategia interventiva para el desarrollo de la actividad científica investigadora de la Facultad."
"Yaritza Jova Linares","Estrategia interventiva para el desarrollo de la actividad científica investigadora de la Facultad."
"MSc. René Mena Mugica","Estrategia interventiva para el desarrollo de la actividad científica investigadora de la Facultad."
"DrC. Roberto Rodriguez Travieso","Estrategia interventiva para el desarrollo de la actividad científica investigadora de la Facultad."
"MSc. René Mena Mugica","Uso de herramientas de inteligencia artificial en la investigacion científica en Cuba."
"Dr. C. Juan Fundora Lliteras","Uso de herramientas de inteligencia artificial en la investigacion científica en Cuba."
"Ana Ivis Estrada Casteleiro","Uso de herramientas de inteligencia artificial en la investigacion científica en Cuba."
"Ana Ivis Estrada Casteleiro","Intervención educativa en pacientes con Diabetes mellitus tipo II del municipio Arroyo Naranjo"
"Elisa María Puentes Rizo","Intervención educativa en pacientes con Diabetes mellitus tipo II del municipio Arroyo Naranjo"
"MSc. René Mena Mugica","Intervención educativa en pacientes con Diabetes mellitus tipo II del municipio Arroyo Naranjo"
"Daimarelis Guerra del Valle","Estrategia de capacitación para el desempeño laboral de trabajadores expuestos a riesgos biológicos"
"DrC. Yanet Ortega Dugrot","Estrategia de capacitación para el desempeño laboral de trabajadores expuestos a riesgos biológicos"
"Dr. C. Susana Solis Solis","Estrategia de capacitación para el desempeño laboral de trabajadores expuestos a riesgos biológicos"
"Ricardo Fernández Rodríguez","Migración a software libre de la series multimedia Cardiologia I Ruidos y Soplos Cardiacos y Cardiología II arritmiad cardiacas"
"René Arenas Gutiérrez","Migración a software libre de la series multimedia Cardiologia I Ruidos y Soplos Cardiacos y Cardiología II arritmiad cardiacas"
"Dr. C. Sonia Rabelo Padua","Migración a software libre de la series multimedia Cardiologia I Ruidos y Soplos Cardiacos y Cardiología II arritmiad cardiacas"
"Katia C. García Hernández","Migración a software libre de la series multimedia Cardiologia I Ruidos y Soplos Cardiacos y Cardiología II arritmiad cardiacas"
"Kely Rivero Dominguez","Migración a software libre de la series multimedia Cardiologia I Ruidos y Soplos Cardiacos y Cardiología II arritmiad cardiacas"
"Marelys Beatriz Estupiñan Alavrez","Sistema de medios de enseñanza audiovisuales digitales para el desarrollo de la compresión auditiva."
"Ana Iris Testa González","Sistema de medios de enseñanza audiovisuales digitales para el desarrollo de la compresión auditiva."
"Ana Margarita Fuertes Elizarde","Sistema de medios de enseñanza audiovisuales digitales para el desarrollo de la compresión auditiva."
"Amparo Matos Reyes","Sistema de medios de enseñanza audiovisuales digitales para el desarrollo de la compresión auditiva."
"Eldris Rivero Bazán","Sistema de medios de enseñanza audiovisuales digitales para el desarrollo de la compresión auditiva."
"MsC. Dra. Lilian Valdivia García","Estrategia educativa al equipo multidisciplinario acerca del ayuno preoperatorio"
"Ana Iris Testa González","LABORATORIO NEWCLASS COMO RECURSO DE APOYO AL DESARROLLO DE LA HABILIDAD DE COMPRENSION AUDITIVA"
"Raúl Daniel Valdés Velázquez","LABORATORIO NEWCLASS COMO RECURSO DE APOYO AL DESARROLLO DE LA HABILIDAD DE COMPRENSION AUDITIVA"
"Laura Lliteras Achang","LABORATORIO NEWCLASS COMO RECURSO DE APOYO AL DESARROLLO DE LA HABILIDAD DE COMPRENSION AUDITIVA"
"Ana Iris Testa González","COMPENDIO DE VIDEOS PARA EL DESARROLLO DE LA HABILIDAD DE COMPRENSION AUDITIVA"
"Marelys Beatriz Estupiñan Alavrez","COMPENDIO DE VIDEOS PARA EL DESARROLLO DE LA HABILIDAD DE COMPRENSION AUDITIVA"
"Ana Margarita Fuertes Elizarde","COMPENDIO DE VIDEOS PARA EL DESARROLLO DE LA HABILIDAD DE COMPRENSION AUDITIVA"
"Amparo Matos Reyes","COMPENDIO DE VIDEOS PARA EL DESARROLLO DE LA HABILIDAD DE COMPRENSION AUDITIVA"
"Eldris Rivero Bazán","COMPENDIO DE VIDEOS PARA EL DESARROLLO DE LA HABILIDAD DE COMPRENSION AUDITIVA"
"Ángel Francisco López Aguilera","EVOLUCION DE LOS MODOS DE ACTUACION"
"Odalys Olano Tito","EVOLUCION DE LOS MODOS DE ACTUACION"
"Jaime Pintos Valluerca","EVOLUCION DE LOS MODOS DE ACTUACION"
"Ángel Francisco López Aguilera","¿El médico que se automedica? Modo de actuación estudiantes de 5to año Medicina"
"Juan Antonio Furones Mourelle","¿El médico que se automedica? Modo de actuación estudiantes de 5to año Medicina"
"MSc Dra Iliana Molina Nápoles","¿El médico que se automedica? Modo de actuación estudiantes de 5to año Medicina"
"Ángel Francisco López Aguilera","Mejoramiento del modo de actuación con relación a la automedicación en estudiantes de medicina."
"DrC. Roberto Rodriguez Travieso","Mejoramiento del modo de actuación con relación a la automedicación en estudiantes de medicina."
"Katia C. García Hernández","Mejoramiento del modo de actuación con relación a la automedicación en estudiantes de medicina."
"MSc. Julio Aguilera","La profesionalización de la disciplina Educación Física en 1ero y 2do años de la carrera de Medina en la Facultad Julio Trigo López"
"MSc. Javier Alfredo Romero Gonzalez","La profesionalización de la disciplina Educación Física en 1ero y 2do años de la carrera de Medina en la Facultad Julio Trigo López"
"MSc. Javier Alfredo Romero Gonzalez","Enseñanza productiva en Educación Física para Ciencias Médicas en semipresencialidad: perspectivas globales, latinoamericanas y su implementación en el Plan E cubano"
"MSc. Julio Aguilera","Enseñanza productiva en Educación Física para Ciencias Médicas en semipresencialidad: perspectivas globales, latinoamericanas y su implementación en el Plan E cubano"
"DrC. Roberto Rodriguez Travieso","Enseñanza productiva en Educación Física para Ciencias Médicas en semipresencialidad: perspectivas globales, latinoamericanas y su implementación en el Plan E cubano"
"DrC. Yanet Ortega Dugrot","Evaluación de riesgos ergonómicos en el manejo de la colangiopancreatografía retrógrada endoscópica"
"DrC. Yulieth Suárez Oceguera","Evaluación de riesgos ergonómicos en el manejo de la colangiopancreatografía retrógrada endoscópica"
"DrC. Raúl Antonio Brizuela Quintanilla","Evaluación de riesgos ergonómicos en el manejo de la colangiopancreatografía retrógrada endoscópica"
"DrC. Yanet Ortega Dugrot","VALIDEZ DE CONTENIDO PARA LA IDENTIFICACIÓN DE RIESGOS LABORALES Y ERGONÓMICOS EN EL MANEJO DE LA COLANGIOPANCREATOGRAFÍA RETRÓGRADA ENDOSCÓPICA"
"Daimarelis Guerra del Valle","VALIDEZ DE CONTENIDO PARA LA IDENTIFICACIÓN DE RIESGOS LABORALES Y ERGONÓMICOS EN EL MANEJO DE LA COLANGIOPANCREATOGRAFÍA RETRÓGRADA ENDOSCÓPICA"
"Dr. C. Susana Solis Solis","VALIDEZ DE CONTENIDO PARA LA IDENTIFICACIÓN DE RIESGOS LABORALES Y ERGONÓMICOS EN EL MANEJO DE LA COLANGIOPANCREATOGRAFÍA RETRÓGRADA ENDOSCÓPICA"
"DrC. Yanet Ortega Dugrot","Título: Percepción del riesgo ergonómico en los procederes ópticos-optométricos"
"MSc. Jacqueline Fidelina Valdivieso Romero","Título: Percepción del riesgo ergonómico en los procederes ópticos-optométricos"
"MSc. Yamilet de la Caridad Hernández López","Título: Percepción del riesgo ergonómico en los procederes ópticos-optométricos"
"DrC. Yanet Ortega Dugrot","Percepción del riesgo ergonómico en los procederes ópticos-optométricos"
"MSc. Jacqueline Fidelina Valdivieso Romero","Percepción del riesgo ergonómico en los procederes ópticos-optométricos"
"Yanet Pérez Orue","Enseñanza de la anatomía en el siglo XXI: evolución histórica, innovación tecnológica y desafíos éticos"
"Yanisel Ortiz Palma","Enseñanza de la anatomía en el siglo XXI: evolución histórica, innovación tecnológica y desafíos éticos"
"Ionmara Tadeo Oropesa","Enseñanza de la anatomía en el siglo XXI: evolución histórica, innovación tecnológica y desafíos éticos"
"Yomaida Milian Romero","Enseñanza de la anatomía en el siglo XXI: evolución histórica, innovación tecnológica y desafíos éticos"
"Yanet Pérez Orue","Enseñanza de la anatomía en el siglo XXI: evolución histórica, innovación tecnológica y desafíos éticos"
"Yanisel Ortiz Palma","Enseñanza de la anatomía en el siglo XXI: evolución histórica, innovación tecnológica y desafíos éticos"
"Ionmara Tadeo Oropesa","Enseñanza de la anatomía en el siglo XXI: evolución histórica, innovación tecnológica y desafíos éticos"
"Yomaida Milian Romero","Enseñanza de la anatomía en el siglo XXI: evolución histórica, innovación tecnológica y desafíos éticos"
"Anahy Molinet Buides","Virtualización: estrategia didáctica potenciadora del aprendizaje desarrollador en profedionales de la salud de amplio perfil"
"Marilin Fleitas Amaro","Virtualización: estrategia didáctica potenciadora del aprendizaje desarrollador en profedionales de la salud de amplio perfil"
"Yanet Pérez Oruè","Virtualización: estrategia didáctica potenciadora del aprendizaje desarrollador en profedionales de la salud de amplio perfil"
"Yanisel Ortiz Palma","Virtualización: estrategia didáctica potenciadora del aprendizaje desarrollador en profedionales de la salud de amplio perfil"
"Yomaida Milian Romero","Virtualización: estrategia didáctica potenciadora del aprendizaje desarrollador en profedionales de la salud de amplio perfil"
"Anahy Molinet Buides","Virtualización:estrategia didáctica potenciadora del aprendizaje desarrollador"
"Marilin Fleitas Amaro","Virtualización:estrategia didáctica potenciadora del aprendizaje desarrollador"
"Yanet Pérez Oruè","Virtualización:estrategia didáctica potenciadora del aprendizaje desarrollador"
"Yanisel Ortiz Palma","Virtualización:estrategia didáctica potenciadora del aprendizaje desarrollador"
"Yomaida Milian Romero","Virtualización:estrategia didáctica potenciadora del aprendizaje desarrollador"
"DrC. Roberto Rodriguez Travieso","Modelo para el mejoramiento del desempeño investigativo"
"Tamara Piñón Fiallo","Modelo para el mejoramiento del desempeño investigativo"
"María Teresa García Negrín","Modelo para el mejoramiento del desempeño investigativo"
"Yataria Abreu Velázquez","Modelo para el mejoramiento del desempeño investigativo"
"Dania Isabel Brito Menéndez","Modelo para el mejoramiento del desempeño investigativo"
"DrC. Roberto Rodriguez Travieso","Valoración del desempeño investigativo 2024-2025"
"Yaritza Jova Linares","Valoración del desempeño investigativo 2024-2025"
"Maritza Díaz Molleda","Valoración del desempeño investigativo 2024-2025"
"Antonia Zenaida Sánchez Proenza","Valoración del desempeño investigativo 2024-2025"
"María Antonia Rodríguez Hernández","Valoración del desempeño investigativo 2024-2025"
"DrC. Roberto Rodriguez Travieso","Validación de instrumentos para medir el desempeño investigativo"
"Dr. C. Juan Fundora Lliteras","Validación de instrumentos para medir el desempeño investigativo"
"MSc. René Mena Mugica","Validación de instrumentos para medir el desempeño investigativo"
"Idia Isabel Araujo Verdecia","Validación de instrumentos para medir el desempeño investigativo"
"Dra. C. Isis Betancourt Torres","Validación de instrumentos para medir el desempeño investigativo"
"DrC. Roberto Rodriguez Travieso","Diplomado: desempeño investigativo y profesionalización"
"Dr. C. Juan Fundora Lliteras","Diplomado: desempeño investigativo y profesionalización"
"Laura Caridad Hurtado Gascón","Diplomado: desempeño investigativo y profesionalización"
"Idia Isabel Araujo Verdecia","Diplomado: desempeño investigativo y profesionalización"
"Dra. C. Isis Betancourt Torres","Diplomado: desempeño investigativo y profesionalización"